{
  "parent": "item/handheld",
  "textures": {
    "layer0": "tofugun/guns/pistol"
  },
  "display": {
    "thirdperson_righthand": {
      "rotation": [ 0, 90, 0 ],
      "translation": [ 0, 3, 1 ],
      "scale": [ 0.55, 0.55, 0.55 ]
    },
    "firstperson_righthand": {
      "rotation": [ 0, 90, 0 ],
      "translation": [ 1.13, 3.2, 1.13 ],
      "scale": [ 0.68, 0.68, 0.68 ]
    },
    "ground": {
      "translation": [ 0, 2, 0 ],
      "scale": [ 0.5, 0.5, 0.5 ]
    },
    "gui": {
      "translation": [ 0, 0, 0 ],
      "scale": [ 1, 1, 1 ]
    }
  }
}
