{
  "parent": "item/generated",
  "textures": {
    "layer0": "item/stick"
  },
  "overrides": [
    {
      "predicate": {
        "custom_model_data": 9999
      },
      "model": "tofugun/guns/test_gun"
    },
    {
      "predicate": {
        "custom_model_data": 1001
      },
      "model": "tofugun/guns/pistol"
    },
    {
      "predicate": {
        "custom_model_data": 1002
      },
      "model": "tofugun/guns/revolver"
    },
    {
      "predicate": {
        "custom_model_data": 1003
      },
      "model": "tofugun/guns/smg"
    },
    {
      "predicate": {
        "custom_model_data": 1004
      },
      "model": "tofugun/guns/uzi"
    },
    {
      "predicate": {
        "custom_model_data": 1005
      },
      "model": "tofugun/guns/assault_rifle"
    },
    {
      "predicate": {
        "custom_model_data": 1006
      },
      "model": "tofugun/guns/ak47"
    },
    {
      "predicate": {
        "custom_model_data": 1007
      },
      "model": "tofugun/guns/m4a1"
    },
    {
      "predicate": {
        "custom_model_data": 1008
      },
      "model": "tofugun/guns/sniper_rifle"
    },
    {
      "predicate": {
        "custom_model_data": 1009
      },
      "model": "tofugun/guns/awp"
    },
    {
      "predicate": {
        "custom_model_data": 1010
      },
      "model": "tofugun/guns/shotgun"
    },
    {
      "predicate": {
        "custom_model_data": 1011
      },
      "model": "tofugun/guns/double_barrel"
    },
    {
      "predicate": {
        "custom_model_data": 1012
      },
      "model": "tofugun/guns/machine_gun"
    },
    {
      "predicate": {
        "custom_model_data": 1013
      },
      "model": "tofugun/guns/minigun"
    }
  ]
}
